iteration,loss,proto loss,total loss
0,2.3141552209854126
100,2.1204882860183716
200,2.1122623682022095,2.0484222173690796,2.0486775636672974
300,1.8921857476234436,1.8051422834396362,1.8054903745651245
390,1.8900691270828247,1.7361666560173035,1.737397849559784
490,1.6970971822738647,1.6339629888534546,1.6344680190086365
590,1.6797674894332886,1.6220856308937073,1.6225470900535583
690,1.8149073123931885,1.7578240036964417,1.7582806944847107
780,1.6165255904197693,1.5598917603492737,1.560571312904358
880,1.65406996011734,1.6090012192726135,1.6095420122146606
980,1.6298601031303406,1.5781896114349365,1.5788095593452454
1080,1.4390468001365662,1.4008495211601257,1.4013078212738037
1170,1.4462751746177673,1.4203006029129028,1.4207161664962769
1270,1.4645302295684814,1.4100009202957153,1.4108734726905823
1370,1.4563122391700745,1.4570396542549133,1.4570280313491821
1470,1.5366579294204712,1.5297212600708008,1.529832363128662
1560,1.4252892136573792,1.4354050755500793,1.4352027773857117
1660,1.2043286561965942,1.1846831440925598,1.185076117515564
1760,1.3029555082321167,1.2997955083847046,1.2998587489128113
1860,1.335716187953949,1.311583161354065,1.312065839767456
1950,1.20346599817276,1.1884992718696594,1.1888585090637207
2050,1.3185149431228638,1.2989429831504822,1.299412727355957
2150,1.407006025314331,1.3832533955574036,1.3838234543800354
2250,1.5315483212471008,1.5384041666984558,1.538239598274231
2340,1.2515555620193481,1.2582269310951233,1.2580401301383972
2440,1.507987916469574,1.502899944782257,1.503042459487915
2540,1.2010204792022705,1.1945134997367859,1.1946957111358643
2640,1.1911665201187134,1.194551169872284,1.1944563388824463
2730,1.0138554573059082,1.0329257249832153,1.0323154926300049
2830,1.2194151282310486,1.1901467442512512,1.1910833716392517
2930,1.103030025959015,1.0976151823997498,1.097788393497467
3030,1.0447435975074768,1.0161173343658447,1.0170333087444305
3120,1.16070556640625,1.1888367533683777,1.187824010848999
3220,0.909999817609787,0.8936249911785126,0.8942144513130188
3320,1.0619093775749207,1.0681318640708923,1.0679078102111816
3420,1.1518665552139282,1.1502239108085632,1.1502829790115356
3510,1.1229106187820435,1.1143396496772766,1.1146824955940247
3610,1.1151800155639648,1.0812719464302063,1.0826282501220703
3710,1.19488126039505,1.1665462851524353,1.1676796674728394
3810,1.1761875748634338,1.154398262500763,1.1552698016166687
3900,2.3088278770446777,2.311204195022583,2.311099648475647
4000,1.477127194404602,1.4826351404190063,1.4823927283287048
4100,1.5366382002830505,1.4996309280395508,1.5012592673301697
4200,1.2963473796844482,1.3131811618804932,1.3124403953552246
4290,1.2210785746574402,1.2190558314323425,1.2191529870033264
4390,1.2906474471092224,1.2503411769866943,1.2522758841514587
4490,1.307709276676178,1.2916163206100464,1.2923887968063354
4590,1.156246840953827,1.1523112058639526,1.1525001525878906
4680,1.169892430305481,1.1920247077941895,1.1908738017082214
4780,0.87734255194664,0.8918340504169464,0.8910804986953735
4880,1.1542850136756897,1.1327527165412903,1.133872389793396
4980,0.9769371151924133,0.9659015834331512,0.9664754271507263
5070,0.963799238204956,0.9669016301631927,0.9667278826236725
5170,0.9650974273681641,0.9388703107833862,0.9403390288352966
5270,1.0466249585151672,1.0491099953651428,1.0489708185195923
5370,1.1332637071609497,1.12818843126297,1.128472626209259
5460,1.1181381344795227,1.0679659247398376,1.0709762573242188
5560,1.0915386080741882,1.0546544194221497,1.0568674802780151
5660,0.8838779032230377,0.8707507848739624,0.8715384304523468
5760,1.0702015161514282,1.0801398158073425,1.0795434713363647
5850,0.8085423111915588,0.8318613469600677,0.8303689062595367
5950,0.9125158190727234,0.8820354342460632,0.8839861750602722
6050,0.8715616762638092,0.8523204326629639,0.8535518646240234
6150,0.8798462748527527,0.8921200037002563,0.8913344740867615
6240,0.8641842901706696,0.8613473474979401,0.861540287733078
6340,0.8709960877895355,0.8662320375442505,0.8665559589862823
6440,0.8173785507678986,0.7925081253051758,0.7941992878913879
6540,0.671212911605835,0.6790396571159363,0.6785074472427368
6630,1.0335572361946106,1.0009065866470337,1.003257393836975
6730,0.7542403638362885,0.6597130298614502,0.6665189862251282
6830,0.7572568953037262,0.7518012225627899,0.7521940171718597
6930,1.0554633140563965,1.0348103046417236,1.03629732131958
7020,0.7633544504642487,0.7560423612594604,0.7565981149673462
7120,0.759207159280777,0.7409911751747131,0.7423756122589111
7220,0.5096392333507538,0.5192108303308487,0.5184834152460098
7320,0.705088347196579,0.662222146987915,0.665479987859726
7410,0.7174361646175385,0.6947194337844849,0.6965367794036865
7510,0.7019211053848267,0.7086798548698425,0.7081391513347626
7610,0.7324158847332001,0.7030766904354095,0.7054238319396973
7710,0.8738311231136322,0.8503687977790833,0.8522457778453827
7800,0.7034389972686768,0.6882059574127197,0.6894855201244354
7900,0.5844764709472656,0.5824453830718994,0.582616001367569
8000,0.900068998336792,0.887241005897522,0.8883185386657715
8100,0.7925936281681061,0.7454010546207428,0.7493652403354645
8190,0.6484196484088898,0.6760728359222412,0.6736393570899963
8290,0.8535334467887878,0.8522276282310486,0.8523425459861755
8390,0.7491959631443024,0.7159046232700348,0.7188342809677124
8490,0.7161654531955719,0.7113589644432068,0.7117819488048553
8580,0.47265081107616425,0.49934497475624084,0.4968890994787216
8680,0.6914187669754028,0.6933660209178925,0.6931868493556976
8780,0.5554036498069763,0.5042797923088074,0.5089831948280334
8880,0.5821918547153473,0.5636959075927734,0.5653975605964661
8970,0.5311452001333237,0.5209120064973831,0.5218943655490875
9070,0.6650190353393555,0.6264671385288239,0.6301681399345398
9170,0.7871198952198029,0.7731802761554718,0.7745184898376465
9270,0.7498244345188141,0.743446946144104,0.744059145450592
9360,0.4580979198217392,0.44416622817516327,0.44555938243865967
9460,0.4939224570989609,0.48541927337646484,0.4862695783376694
9560,0.742622047662735,0.7211815714836121,0.7233256101608276
9660,0.5461825579404831,0.5505281835794449,0.5500936210155487
9750,0.3952712416648865,0.4006354659795761,0.40007759630680084
9850,0.594018429517746,0.6068576276302338,0.6055223643779755
9950,0.5672027170658112,0.5078890025615692,0.5140576511621475
10050,0.45261384546756744,0.4529917240142822,0.45295242965221405
10140,0.28405602276325226,0.2886990159749985,0.2881975769996643
10240,0.3458792269229889,0.354309543967247,0.3533990681171417
10340,0.5522893369197845,0.5406212210655212,0.5418813824653625
10440,0.5872952938079834,0.5544449687004089,0.5579928159713745
10530,0.28536200523376465,0.29553820192813873,0.2943984717130661
10630,0.46416789293289185,0.44364020228385925,0.4459393173456192
10730,0.52201147377491,0.5085598975419998,0.510066494345665
10830,0.4518497884273529,0.44670121371746063,0.44727787375450134
10920,0.38262489438056946,0.3586473912000656,0.36142878234386444
11020,0.47206488251686096,0.4860213100910187,0.4844023883342743
11120,0.4649861305952072,0.4332086443901062,0.43689483404159546
11220,0.439548522233963,0.448981910943985,0.4478876441717148
11310,0.2793419733643532,0.2851666659116745,0.2844676971435547
11410,0.5408075153827667,0.5157795548439026,0.5187828987836838
11510,0.4245665818452835,0.41974106431007385,0.4203201234340668
11610,0.28000228106975555,0.2725325971841812,0.27342895418405533
11700,0.2746790200471878,0.25986576825380325,0.26170261204242706
11800,0.2834930047392845,0.2683555334806442,0.27023257315158844
11900,0.4398278146982193,0.41847342252731323,0.42112137377262115
12000,0.43970493972301483,0.42651042342185974,0.428146556019783
12090,0.3281847685575485,0.32100678980350494,0.3219255656003952
12190,0.2573279067873955,0.24071399122476578,0.24284056574106216
12290,0.3421168625354767,0.32340002059936523,0.3257957547903061
12390,0.45322974026203156,0.41447271406650543,0.4194336086511612
12480,0.3200322836637497,0.3190571814775467,0.31918588280677795
12580,0.25913070142269135,0.2620212212204933,0.26163966208696365
12680,0.334058478474617,0.3254168927669525,0.32655757665634155
12780,0.35713711380958557,0.35684753954410553,0.35688574612140656
12870,0.1833755150437355,0.1760677471756935,0.17706160247325897
12970,0.33503011614084244,0.31773556768894196,0.32008764147758484
13070,0.3924635201692581,0.3638745993375778,0.3677626997232437
13170,0.4596513509750366,0.43557897210121155,0.43885283172130585
13260,0.31546786427497864,0.2896750122308731,0.2932860106229782
13360,0.15628104656934738,0.15007448196411133,0.15094339847564697
13460,0.3071456253528595,0.3116123825311661,0.31098704040050507
13560,0.46596285700798035,0.4465653747320175,0.4492810219526291
13650,0.12515829131007195,0.1308850646018982,0.13006040826439857
13750,0.3674630671739578,0.36783158779144287,0.3677785247564316
13850,0.37176813185214996,0.34289006888866425,0.3470485061407089
13950,0.19246793538331985,0.18327752500772476,0.18460094928741455
14040,0.20546849817037582,0.1984683945775032,0.19950441271066666
14140,0.2063812091946602,0.1960797756910324,0.19760439544916153
14240,0.34667350351810455,0.3199295252561569,0.3238876312971115
14340,0.20564869791269302,0.21102504432201385,0.21022935211658478
14430,0.23159733414649963,0.21135511249303818,0.21443192660808563
14530,0.21482429653406143,0.23491020500659943,0.23185713589191437
14630,0.2721826732158661,0.2575123533606529,0.25974223762750626
14730,0.316363587975502,0.29708824306726456,0.3000180870294571
14820,0.2669629901647568,0.24344482272863388,0.2471136525273323
14920,0.3792838454246521,0.37887173891067505,0.3789360225200653
15020,0.14471999555826187,0.14786352962255478,0.14737313240766525
15120,0.20180800557136536,0.18677499890327454,0.18912014365196228
15210,0.17130744457244873,0.17805662751197815,0.1769767478108406
15310,0.27179354429244995,0.24282055348157883,0.24745621532201767
15410,0.2393776699900627,0.231171615421772,0.23248457163572311
15510,0.562054842710495,0.551962748169899,0.5535774528980255
15600,0.11874288693070412,0.12912798300385475,0.12742483615875244
15700,0.09103905037045479,0.09689264930784702,0.09593266248703003
15800,0.19905808568000793,0.20273053646087646,0.20212826132774353
15900,0.18980999290943146,0.18908261507749557,0.18920190632343292
15990,0.1839812844991684,0.17997391521930695,0.18064715713262558
16090,0.3710672855377197,0.3690616339445114,0.3693985790014267
16190,0.3508451282978058,0.31425587832927704,0.3204028755426407
16290,0.4164387732744217,0.41148515045642853,0.4123173803091049
16380,0.102517519146204,0.11134962737560272,0.10983050614595413
16480,0.3042587712407112,0.2874597981572151,0.29034921526908875
16580,0.11144806817173958,0.11320910975337029,0.11290621384978294
16680,0.09677019342780113,0.09244215488433838,0.09318657964468002
16770,0.10978880524635315,0.10136055946350098,0.10284393280744553
16870,0.10775112360715866,0.09541958197951317,0.09758993238210678
16970,0.21316096931695938,0.21738113462924957,0.21663837879896164
17070,0.11267546936869621,0.10787149518728256,0.10871699079871178
17160,0.11464181542396545,0.11935155093669891,0.11850379779934883
17260,0.24727801978588104,0.2168060839176178,0.2222910374403
17360,0.1975284442305565,0.18214423954486847,0.18491338938474655
17460,0.22101128101348877,0.22498150169849396,0.22426685690879822
17550,0.10145152546465397,0.10345318168401718,0.10308487340807915
17650,0.13746265694499016,0.13195131719112396,0.13296540081501007
17750,0.10739194601774216,0.10549261420965195,0.10584208741784096
17850,0.2254291996359825,0.2174871489405632,0.21894847601652145
17940,0.09194042161107063,0.099213607609272,0.09784624725580215
18040,0.12174750864505768,0.12230924144387245,0.12220363318920135
18140,0.11251228116452694,0.10956190526485443,0.11011657491326332
18240,0.21985068917274475,0.20999086648225784,0.21184450387954712
18330,0.11811070889234543,0.10913610458374023,0.11085923761129379
18430,0.20128171890974045,0.1925748735666275,0.1942465901374817
18530,0.1852216124534607,0.18631507456302643,0.1861051395535469
18630,0.32398150861263275,0.31963392347097397,0.3204686641693115
18720,0.07777304947376251,0.07246438600122929,0.07350488379597664
18820,0.10826048254966736,0.10718504711985588,0.10739583149552345
18920,0.14634612575173378,0.13775795325636864,0.13944123685359955
19020,0.1437474638223648,0.1321556381881237,0.13442763313651085
19110,0.15587569400668144,0.1550016887485981,0.15517649054527283
19210,0.039039285853505135,0.03664598427712917,0.037124644964933395
19310,0.21655623614788055,0.20852261781692505,0.21012934297323227
19410,0.0913316160440445,0.08850458264350891,0.08906999230384827
19500,0.049331145361065865,0.050728464499115944,0.050443414598703384
19600,0.1318866889923811,0.1260783290490508,0.12726323027163744
19700,0.11313680373132229,0.11593423038721085,0.11536355130374432
19800,0.12204942479729652,0.09203200042247772,0.09815555810928345
19890,0.08001721650362015,0.07402040436863899,0.0752677395939827
19990,0.0807398371398449,0.07389607280492783,0.07531957514584064
20090,0.2662826031446457,0.2545621618628502,0.25700002908706665
20190,0.1927737444639206,0.18099742382764816,0.18344689905643463
20280,0.10527483001351357,0.11307422257959843,0.11142075434327126
20380,0.1417187973856926,0.1537409946322441,0.1511922851204872
20480,0.13992900028824806,0.12647684663534164,0.12932869791984558
20580,0.2285267636179924,0.21588534861803055,0.21856532245874405
20670,0.14799757301807404,0.1468917354941368,0.1471306011080742
20770,0.07829492539167404,0.07338656857609749,0.0744467731565237
20870,0.08488687686622143,0.08350247703492641,0.0838015042245388
20970,0.11872166395187378,0.11935826577246189,0.11922075599431992
21060,0.11295222118496895,0.10889365524053574,0.10978653281927109
21160,0.05469164252281189,0.04982326924800873,0.05089431069791317
21260,0.33185406029224396,0.3012872785329819,0.3080119639635086
21360,0.19149239361286163,0.16939034312963486,0.17425279319286346
21450,0.06989985890686512,0.07310967799276114,0.07239067927002907
21550,0.08429550006985664,0.08332191407680511,0.08354000002145767
21650,0.06179324351251125,0.054173629730939865,0.05588042363524437
21750,0.19817015528678894,0.1918032541871071,0.19322944432497025
21840,0.09379084780812263,0.09282057546079159,0.09304180182516575
21940,0.03611830901354551,0.040075358003377914,0.039173150435090065
22040,0.08857254311442375,0.08022015541791916,0.0821244977414608
22140,0.053826307877898216,0.05153786018490791,0.05205962620675564
22230,0.090414859354496,0.08662251383066177,0.08750233799219131
22330,0.03461795765906572,0.03311837837100029,0.0334662813693285
22430,0.06786401569843292,0.06623577699065208,0.06661352887749672
22530,0.1551596224308014,0.13846425339579582,0.14233757555484772
22620,0.08867814391851425,0.08952627331018448,0.08932611346244812
22720,0.03478509280830622,0.03417255450040102,0.03431711345911026
22820,0.09369998797774315,0.08446717821061611,0.08664611913263798
22920,0.1586797684431076,0.15210476145148277,0.1536564640700817
23010,0.07456348091363907,0.0732441246509552,0.07356076687574387
23110,0.047168193385005,0.0457112081348896,0.04606088437139988
23210,0.05573661904782057,0.05770248547196388,0.05723067466169596
23310,0.07192125171422958,0.07530015893280506,0.07448921725153923
23400,0.017247009091079235,0.016898752190172672,0.016983726527541876
23500,0.10751965921372175,0.10827525053173304,0.10809088125824928
23600,0.16194558143615723,0.1581100933253765,0.15904594957828522
23700,0.11059645935893059,0.10378746688365936,0.10544886067509651
23790,0.054350635036826134,0.05262527987360954,0.05305316485464573
23890,0.04306974774226546,0.04496215935796499,0.04449283750727773
23990,0.045063188299536705,0.04665043205022812,0.04625679552555084
24090,0.184515830129385,0.19487688690423965,0.19230734184384346
24180,0.03298461902886629,0.03036572691053152,0.031025688163936138
24280,0.06809452176094055,0.06753255613148212,0.06767417304217815
24380,0.06294660083949566,0.05990714393556118,0.06067308969795704
24480,0.050083283334970474,0.049133498687297106,0.049372846726328135
24570,0.16846128925681114,0.1650094836950302,0.16589314490556717
24670,0.05718892812728882,0.05794120021164417,0.057748619467020035
24770,0.10034851729869843,0.09882580861449242,0.09921562485396862
24870,0.08383017871528864,0.07670577056705952,0.07852962426841259
24960,0.06626340188086033,0.06696886569261551,0.06678544357419014
25060,0.055673738941550255,0.04534261114895344,0.04802870377898216
25160,0.08155842684209347,0.08042856492102146,0.08072232827544212
25260,0.17965491861104965,0.18568086624145508,0.18411412090063095
25350,0.03081039059907198,0.029276532121002674,0.02968147024512291
25450,0.11033019050955772,0.09963839687407017,0.10246102884411812
25550,0.1409519985318184,0.13603795319795609,0.13733526319265366
25650,0.1293470300734043,0.13942811265587807,0.1367667093873024
25740,0.04352322220802307,0.04248871095478535,0.04276595823466778
25840,0.1443687528371811,0.14252757653594017,0.14302101358771324
25940,0.22358225658535957,0.21260465309023857,0.2155466489493847
26040,0.13489480502903461,0.13355074264109135,0.13391095772385597
26130,0.04652514960616827,0.042745497077703476,0.04377356171607971
26230,0.01608294527977705,0.01811012765392661,0.01755873393267393
26330,0.07426227256655693,0.08799834549427032,0.08426213450729847
26430,0.3316563740372658,0.28794990479946136,0.2998380735516548
26520,0.11622489616274834,0.11304307915270329,0.11392125114798546
26620,0.1627492532134056,0.16129567474126816,0.16169685870409012
26720,0.037061022594571114,0.0376411285251379,0.03748101834207773
26820,0.05906672216951847,0.05950840748846531,0.05938650108873844
26910,0.05417949426919222,0.04994998499751091,0.05113424640148878
27010,0.05562135949730873,0.05039175972342491,0.05185604840517044
27110,0.1257171295583248,0.13483621925115585,0.13228287920355797
27210,0.10035428497940302,0.10018621198832989,0.1002332791686058
27300,0.016709647607058287,0.016724657732993364,0.016720395535230637
27400,0.04798317886888981,0.03916522487998009,0.041669526137411594
27500,0.043272752314805984,0.0416484996676445,0.042109789326786995
27600,0.10021137818694115,0.0979757159948349,0.09861064702272415
27690,0.09353302419185638,0.08684519678354263,0.0887712873518467
27790,0.14591212943196297,0.1417277343571186,0.14293284714221954
27890,0.033418501727283,0.03290688432753086,0.033054230734705925
27990,0.05526858288794756,0.051594607532024384,0.05265271244570613
28080,0.007578859804198146,0.007236585253849626,0.007336529670283198
28180,0.08746750466525555,0.09348362311720848,0.09172691777348518
28280,0.03015308454632759,0.027723236940801144,0.02843275386840105
28380,0.07699279487133026,0.07145160064101219,0.07306962832808495
28470,0.08862571232020855,0.08545836992561817,0.08639590442180634
28570,0.049591993913054466,0.0459690997377038,0.04704147856682539
28670,0.11713386327028275,0.09829410538077354,0.10387067496776581
28770,0.07483808882534504,0.0704712476581335,0.07176383398473263
28860,0.03566688671708107,0.03219147119671106,0.03323409613221884
28960,0.04233146831393242,0.04039318487048149,0.04097467102110386
29060,0.03974642464891076,0.03631938574835658,0.037347499281167984
29160,0.035086220130324364,0.027640617452561855,0.029874298721551895
29250,0.11710083857178688,0.1071574054658413,0.11018020287156105
29350,0.11649734154343605,0.11800001934170723,0.11754319816827774
29450,0.034130342304706573,0.03801795840263367,0.03683612123131752
29550,0.13763940706849098,0.1415182687342167,0.14033909142017365
29640,0.01899504940956831,0.02032722719013691,0.019916916266083717
29740,0.054527508560568094,0.052939779590815306,0.05342879658564925
29840,0.04567455407232046,0.05070633441209793,0.049156542867422104
29940,0.12535358220338821,0.1219421774148941,0.12299288436770439
30030,0.1191246323287487,0.12993217259645462,0.12656022235751152
30130,0.15621491894125938,0.1523839607834816,0.1535792201757431
30230,0.12150365579873323,0.11369568295776844,0.11613177135586739
30330,0.07308819144964218,0.06685264594852924,0.06879813969135284
30420,0.06879876367747784,0.06466971524059772,0.06597450003027916
30520,0.017129053361713886,0.017352075316011906,0.017281601205468178
30620,0.0428851842880249,0.03849278576672077,0.0398807842284441
30720,0.054906751960515976,0.05656364839524031,0.056040069088339806
30810,0.09532425925135612,0.0932849571108818,0.09393752925097942
30910,0.03324132692068815,0.030811317265033722,0.03158892132341862
31010,0.05202038958668709,0.045708367601037025,0.04772821441292763
31110,0.022703216644003987,0.021673638839274645,0.02200310374610126
31200,0.010459884069859982,0.009155741427093744,0.009578283410519361
31300,0.01060841977596283,0.01055390597321093,0.010571568738669157
31400,0.007207938935607672,0.005858631571754813,0.006295807426795363
31500,0.013411467429250479,0.010175897739827633,0.011224222369492054
31590,0.06788384169340134,0.07124241907149553,0.07014080695807934
31690,0.04046037048101425,0.038952401373535395,0.039447017945349216
31790,0.05038632731884718,0.04837434086948633,0.04903427278622985
31890,0.039294661954045296,0.0432075634598732,0.04192413203418255
31980,0.057607941795140505,0.0560485259629786,0.05656625051051378
32080,0.037912643514573574,0.039749312214553356,0.03913953620940447
32180,0.019606271293014288,0.017019462306052446,0.017878282815217972
32280,0.08662701025605202,0.08101168647408485,0.08287596702575684
32370,0.01750508975237608,0.013389622792601585,0.014772419817745686
32470,0.07234321720898151,0.07250591367483139,0.07245124317705631
32570,0.09981253184378147,0.09404857829213142,0.09598526544868946
32670,0.1363614872097969,0.12004485353827477,0.12552723661065102
32760,0.02857188880443573,0.027192608918994665,0.027661564759910107
32860,0.010876956395804882,0.01271187886595726,0.012088005430996418
32960,0.03176108095794916,0.027296327520161867,0.028814344201236963
33060,0.08314224611967802,0.07578755263239145,0.07828814536333084
33150,0.08426343649625778,0.07749230228364468,0.07982157357037067
33250,0.011163831455633044,0.009786965209059417,0.010260607581585646
33350,0.06476896069943905,0.06846004351973534,0.06719031557440758
33450,0.14799629524350166,0.14580250903964043,0.14655717462301254
33540,0.07644970715045929,0.07106453739106655,0.0729385782033205
33640,0.006586513016372919,0.0072960020042955875,0.007049099775031209
33740,0.009573112241923809,0.009898612275719643,0.009785338304936886
33840,0.15141049772500992,0.14247500151395798,0.14558455348014832
33930,0.11144418269395828,0.09583906829357147,0.10133206844329834
34030,0.03055004682391882,0.028241888619959354,0.02905436046421528
34130,0.07453364878892899,0.07007198221981525,0.07164248637855053
34230,0.18279922008514404,0.17629802599549294,0.178586445748806
34320,0.1121937446296215,0.11258942261338234,0.1124485582113266
34420,0.05072891153395176,0.048544347286224365,0.04932205379009247
34520,0.12529375776648521,0.12310868501663208,0.12388657405972481
34620,0.05041505955159664,0.05131264962255955,0.05099310725927353
34710,0.027510864660143852,0.024248195812106133,0.025422755628824234
34810,0.07676253281533718,0.07748098205775023,0.07722233794629574
34910,0.06670475378632545,0.059750501066446304,0.062254030257463455
35010,0.12545033544301987,0.12179232388734818,0.12310921214520931
35100,0.02580406004562974,0.021306359907612205,0.02294352138414979
35200,0.05277642607688904,0.049241965636610985,0.050528509542346
35300,0.04036806710064411,0.03747623413801193,0.03852885775268078
35400,0.02831494528800249,0.025612028315663338,0.0265958895906806
35490,0.05957409739494324,0.05791846243664622,0.05852773878723383
35590,0.00770354806445539,0.008314200211316347,0.008089479990303516
35690,0.034475577529519796,0.033544582314789295,0.03388718795031309
35790,0.05988872982561588,0.0535784587264061,0.05590064078569412
35880,0.01894487626850605,0.016265366692095995,0.017262145411223173
35980,0.1258297599852085,0.11491799354553223,0.11897717043757439
36080,0.05453283153474331,0.05912615079432726,0.05741743743419647
36180,0.07272589951753616,0.06808570213615894,0.0698118545114994
36270,0.05266006290912628,0.04825018625706434,0.04990829760208726
36370,0.10719928424805403,0.1099669337272644,0.10892630089074373
36470,0.021078073419630527,0.020225564017891884,0.020546107552945614
36570,0.06553173251450062,0.06491480208933353,0.06514676846563816
36660,0.069379772990942,0.07320118322968483,0.07174904644489288
36760,0.057810766622424126,0.05413296166807413,0.05553052760660648
36860,0.013052750378847122,0.014238697942346334,0.013788037933409214
36960,0.037062636809423566,0.0307991704903543,0.03317928803153336
37050,0.16670391708612442,0.15680719912052155,0.16060753166675568
37150,0.02770203910768032,0.0272224098443985,0.02740658726543188
37250,0.11700948886573315,0.11222539283335209,0.1140624862164259
37350,0.09379346668720245,0.08337563648819923,0.08737608790397644
37440,0.20563995093107224,0.1923728510737419,0.19752047955989838
37540,0.04220215557143092,0.04243438504636288,0.04234427912160754
37640,0.10101227089762688,0.10175099782645702,0.10146437212824821
37740,0.05334576731547713,0.049556178506463766,0.05102653708308935
37830,0.039982836693525314,0.03864516504108906,0.03916953131556511
37930,0.24251417070627213,0.225091353058815,0.23192108422517776
38030,0.06578899547457695,0.06260195933282375,0.06385127827525139
38130,0.020290867425501347,0.023041340056806803,0.0219631539657712
38220,0.04072700813412666,0.04167564306408167,0.041299980133771896
38320,0.14932478219270706,0.14608091861009598,0.1473654881119728
38420,0.06105247512459755,0.053709087893366814,0.05661706626415253
38520,0.0886927880346775,0.07729803770780563,0.0818103589117527
38610,0.03822728060185909,0.030860833823680878,0.0338074155151844
38710,0.007128318189643323,0.007962125120684505,0.007628602674230933
38810,0.05346436984837055,0.05089197959750891,0.0519209373742342
38910,0.09108328074216843,0.08328298106789589,0.08640310168266296
39000,0.047489071264863014,0.049389745108783245,0.048621874302625656
39100,0.01935304794460535,0.01792082190513611,0.01849944144487381
39200,0.05335610918700695,0.05609492491930723,0.054988445714116096
39300,0.06963477376848459,0.0646344842389226,0.06665460299700499
39390,0.02796075865626335,0.02472845558077097,0.02604723535478115
39490,0.06945479707792401,0.0733511932194233,0.07176146190613508
39590,0.02426934614777565,0.02149049937725067,0.022624269127845764
39690,0.07825921196490526,0.07594000920653343,0.0768862459808588
39780,0.0606449656188488,0.06316627189517021,0.0621274933218956
39880,0.07290234602987766,0.0676170215010643,0.06979457661509514
39980,0.031832195818424225,0.029818858951330185,0.030648352578282356
40080,0.019304104149341583,0.015290563460439444,0.016944142058491707
40170,0.01701398193836212,0.013203736394643784,0.014788798987865448
40270,0.06950075924396515,0.0681881234049797,0.06873417645692825
40370,0.03157278336584568,0.026658779941499233,0.028703004121780396
40470,0.03249706979840994,0.03130451217293739,0.03180061560124159
40560,0.04693450964987278,0.04063702002167702,0.04328196682035923
40660,0.00571133999619633,0.005395274143666029,0.005528021603822708
40760,0.10068072006106377,0.10024886205792427,0.10043023899197578
40860,0.048258365131914616,0.0459883026778698,0.046941724605858326
40950,0.12270083278417587,0.11123685538768768,0.11609758250415325
41050,0.07076645269989967,0.06560758128762245,0.06779493764042854
41150,0.065524997189641,0.06376298889517784,0.06451007723808289
41250,0.13174893707036972,0.13010894879698753,0.13080430030822754
41340,0.03434189036488533,0.037640735507011414,0.03622883092612028
41440,0.16709339246153831,0.1525673270225525,0.15878449007868767
41540,0.05090844724327326,0.052506216801702976,0.051822373643517494
41640,0.08795644715428352,0.08382066152989864,0.0855907816439867
41730,0.08054296812042594,0.0836120774038136,0.08228623028844595
41830,0.06278484500944614,0.051135921850800514,0.05616825819015503
41930,0.015712242107838392,0.015163304982706904,0.015400446020066738
42030,0.028363429009914398,0.02762309880927205,0.02794292103499174
42120,0.04540422558784485,0.04080196190625429,0.04280854947865009
42220,0.06073411926627159,0.06348355114459991,0.06228480115532875
42320,0.07465889491140842,0.06408411171287298,0.06869471725076437
42420,0.026420501992106438,0.028422817587852478,0.027549808844923973
42510,0.09798897989094257,0.08915006183087826,0.09303918294608593
42610,0.04249313345644623,0.040618309983983636,0.041443232796154916
42710,0.06346883252263069,0.06466772966086864,0.0641402155160904
42810,0.06255020387470722,0.06620847061276436,0.06459883227944374
42900,0.007574683055281639,0.007710195844992995,0.007650028448551893
43000,0.01983165554702282,0.01816444657742977,0.018904687836766243
43100,0.006452369736507535,0.007644659373909235,0.00711528304964304
43200,0.027318921871483326,0.02235183445736766,0.024557219818234444
43290,0.025802170857787132,0.021410346031188965,0.023377884179353714
43390,0.024496275931596756,0.021715963259339333,0.02296154387295246
43490,0.04098308179527521,0.03359305951744318,0.036903790198266506
43590,0.08890094980597496,0.08248698711395264,0.08536044135689735
43680,0.022576283663511276,0.024830611422657967,0.023811654653400183
43780,0.01094657403882593,0.01189807616174221,0.011467996519058943
43880,0.12300209887325764,0.11658681370317936,0.11948651541024446
43980,0.006546603166498244,0.007015010225586593,0.006803290452808142
44070,0.018011475913226604,0.015070706605911255,0.016411698423326015
44170,0.046780623495578766,0.0401208084076643,0.043157683685421944
44270,0.2908688485622406,0.2824544459581375,0.2862914204597473
44370,0.14035996608436108,0.12721587158739567,0.13320958241820335
44460,0.09678707271814346,0.09289448335766792,0.09468508139252663
44560,0.007395872613415122,0.00845012441277504,0.007965169148519635
44660,0.036557534243911505,0.04094146564602852,0.03892485797405243
44760,0.009584010345861316,0.010337161365896463,0.00999071216210723
44850,0.019101623445749283,0.02005025651305914,0.019610091112554073
44950,0.08559553883969784,0.09228472225368023,0.08918094262480736
45050,0.02000738400965929,0.018557230476289988,0.019230101257562637
45150,0.020052130799740553,0.01904337969608605,0.019511440536007285
45240,0.03546038316562772,0.034217104548588395,0.03479895694181323
45340,0.034387567546218634,0.03352860966697335,0.03393060155212879
45440,0.09842993691563606,0.08956706523895264,0.093714889138937
45540,0.01563693955540657,0.014057080261409283,0.014796453528106213
45630,0.07327750092372298,0.07499938178807497,0.0741866510361433
45730,0.03476002020761371,0.03876862907782197,0.036876564379781485
45830,0.08797815628349781,0.08815609663724899,0.08807210810482502
45930,0.03259116970002651,0.0319381058216095,0.032246352173388004
46020,0.04005234781652689,0.044239637441933155,0.04224648792296648
46120,0.02731943130493164,0.022417896427214146,0.02475102711468935
46220,0.026914832647889853,0.021439652889966965,0.024045838974416256
46320,0.07167301140725613,0.06513804942369461,0.06824869103729725
46410,0.01060800813138485,0.008302918169647455,0.009409361518919468
46510,0.08427242189645767,0.08068627491593361,0.0824076235294342
46610,0.02477825339883566,0.020256835967302322,0.02242711652070284
46710,0.02494035754352808,0.02240586280822754,0.02362241968512535
46800,0.03066976461559534,0.02887660451233387,0.029744491912424564
46900,0.03021867573261261,0.029736467637121677,0.029969854280352592
47000,0.02270485833287239,0.02056028787046671,0.021598259918391705
47100,0.048402931075543165,0.04799596266821027,0.04819293413311243
47190,0.04580137738958001,0.046137381345033646,0.045973412692546844
47290,0.07637188164517283,0.07229713536798954,0.07428561057895422
47390,0.03878736961632967,0.03153687808662653,0.03507511969655752
47490,0.16569148749113083,0.12816455960273743,0.14647770673036575
47580,0.02874053828418255,0.024454428581520915,0.026563195511698723
47680,0.05859646387398243,0.062075480818748474,0.060363808646798134
47780,0.01759529486298561,0.015327231492847204,0.016443119384348392
47880,0.05381305795162916,0.05309372767806053,0.05344763770699501
47970,0.015134264249354601,0.015582992229610682,0.015360423363745213
48070,0.026219400577247143,0.024826611392199993,0.02551743295043707
48170,0.1117051187902689,0.11006731353700161,0.11087966710329056
48270,0.10671446472406387,0.10226771980524063,0.1044733040034771
48360,0.03928068373352289,0.03978730086237192,0.03953399322926998
48460,0.025865487288683653,0.02391516324132681,0.024890324100852013
48560,0.0067495969124138355,0.006042656023055315,0.006396126467734575
48660,0.042862114729359746,0.04062871541827917,0.04174541495740414
48750,0.10275601223111153,0.09650913253426552,0.0996575616300106
48850,0.05547414440661669,0.04853017069399357,0.052029934246093035
48950,0.060765130911022425,0.05134081467986107,0.05609067063778639
49050,0.0946367122232914,0.09073752909898758,0.0927027203142643
49140,0.028719058260321617,0.03063626866787672,0.029662325978279114
49240,0.0871833935379982,0.08410051092505455,0.08566661924123764
49340,0.09200148843228817,0.09465461783111095,0.09330683201551437
49440,0.12506232410669327,0.12415612861514091,0.12461648508906364
49530,0.06576546281576157,0.05560634098947048,0.060807811096310616
49630,0.020246160216629505,0.02334728743880987,0.021759510040283203
49730,0.02495806897059083,0.02498083095997572,0.02496917685493827
49830,0.13042128831148148,0.12037679925560951,0.12551957741379738
49920,0.0659424215555191,0.06245895754545927,0.06425642594695091
50020,0.04504513554275036,0.04279080964624882,0.04395403806120157
50120,0.11613820493221283,0.10520423948764801,0.11084616184234619
50220,0.12711988016963005,0.12991280853748322,0.12847165018320084
50310,0.011232487857341766,0.012214232701808214,0.011703724972903728
50410,0.015360839664936066,0.013008006382733583,0.014231478795409203
50510,0.028418307658284903,0.029410064220428467,0.028894349932670593
50610,0.08291350677609444,0.07144597545266151,0.07740909047424793
50700,0.016271227039396763,0.0172644080594182,0.0167439803481102
50800,0.05047114938497543,0.051108118146657944,0.05077434703707695
50900,0.013772365753538907,0.015129863633774221,0.014418534934520721
51000,0.03838298935443163,0.03748601768165827,0.037956031039357185
51090,0.015955941868014634,0.012778440257534385,0.014456160832196474
51190,0.02462431788444519,0.024085145443677902,0.024369828402996063
51290,0.05307039711624384,0.04337124526500702,0.048492398113012314
51390,0.11968103051185608,0.11016816273331642,0.11519096046686172
51480,0.04359395243227482,0.04229456186294556,0.042985837906599045
51580,0.08054876700043678,0.08264445140957832,0.08152954652905464
51680,0.03371283505111933,0.03185002016834915,0.03284103935584426
51780,0.12945289351046085,0.12422887422144413,0.12700805068016052
51870,0.07287266384810209,0.06380204390734434,0.06866389885544777
51970,0.04782401490956545,0.05419343430548906,0.050779422745108604
52070,0.05117386346682906,0.05216287216171622,0.051632762886583805
52170,0.05815147049725056,0.055100299417972565,0.056735727936029434
52260,0.01929421443492174,0.017959754914045334,0.018680363427847624
52360,0.07874534092843533,0.07486865296959877,0.07696206495165825
52460,0.0421276455745101,0.0423324778676033,0.04222186887636781
52560,0.07614340633153915,0.06525781378149986,0.07113603316247463
52650,0.08306961599737406,0.08665242558345199,0.08470337418839335
52750,0.015819251188077033,0.01786492601968348,0.016752079129219055
52850,0.041048845276236534,0.03770020231604576,0.03952186368405819
52950,0.04442922119051218,0.044781941920518875,0.04459006059914827
53040,0.05632102396339178,0.05221337731927633,0.05446436628699303
53140,0.1285451576113701,0.1269118208438158,0.12780688889324665
53240,0.07367940992116928,0.07205751072615385,0.07294630911201239
53340,0.062743054702878,0.06208073813468218,0.062443687580525875
53430,0.03598528075963259,0.034412785433232784,0.035280803218483925
53530,0.05837244354188442,0.05257958918809891,0.055777247063815594
53630,0.04766884073615074,0.045571938157081604,0.046729426831007004
53730,0.02970079332590103,0.029406268149614334,0.02956884610466659
53820,0.03817249648272991,0.04284762777388096,0.04024825617671013
53920,0.011826840694993734,0.013549139257520437,0.01259154174476862
54020,0.024683874333277345,0.025042321532964706,0.024843025719746947
54120,0.10946614854037762,0.09663199260830879,0.10376778244972229
54210,0.05835707485675812,0.05398131161928177,0.05643174145370722
54310,0.021072376053780317,0.01953923562541604,0.0203977944329381
54410,0.033832889050245285,0.033870166167616844,0.03384929057210684
54510,0.10532727465033531,0.10893784463405609,0.1069159284234047
54600,0.06575779430568218,0.061806246638298035,0.06403491646051407
54700,0.02624591113999486,0.026026254054158926,0.026150140445679426
54800,0.0137155179399997,0.01756166131235659,0.015392436413094401
54900,0.027766594663262367,0.028487788513302803,0.028081035241484642
54990,0.05749742314219475,0.050059905275702477,0.054284416139125824
55090,0.02488455269485712,0.023783260257914662,0.024408796336501837
55190,0.02180086262524128,0.023042758461087942,0.022337363101541996
55290,0.06895022466778755,0.06354324147105217,0.06661441177129745
55380,0.01426338730379939,0.012858022004365921,0.013661891222000122
55480,0.011723494622856379,0.011854629497975111,0.011779621243476868
55580,0.05644091637805104,0.05298179853707552,0.05496041802689433
55680,0.09608285874128342,0.09413338452577591,0.09524848312139511
55770,0.017651155591011047,0.017866944428533316,0.017742649419233203
55870,0.0274137647356838,0.027072209399193525,0.02726894523948431
55970,0.035261517856270075,0.03361853235401213,0.03456489136442542
56070,0.09649167954921722,0.10896187648177147,0.10177904088050127
56160,0.03167178947478533,0.03183346800506115,0.03173969313502312
56260,0.13429627195000648,0.12742850929498672,0.1314118094742298
56360,0.022011601366102695,0.024018185678869486,0.022854366805404425
56460,0.05166233330965042,0.047339167445898056,0.049846598878502846
56550,0.038925756234675646,0.04296064074151218,0.040604268200695515
56650,0.05800623260438442,0.05655776150524616,0.057403670623898506
56750,0.01223419001325965,0.015746629796922207,0.013695364817976952
56850,0.20119914412498474,0.1832168772816658,0.19371850788593292
56940,0.035667979158461094,0.029924158938229084,0.03330152528360486
57040,0.032050564885139465,0.030052313581109047,0.031227285973727703
57140,0.0548144169151783,0.049652786925435066,0.05268782563507557
57240,0.03739366680383682,0.03268634853884578,0.03545425273478031
57330,0.09786184877157211,0.10313399508595467,0.1000128872692585
57430,0.03744869213551283,0.039505225606262684,0.0382877578958869
57530,0.011694100219756365,0.011630551191046834,0.011668171733617783
57630,0.022020370699465275,0.020354910753667355,0.021340863779187202
57720,0.032170102931559086,0.033518461510539055,0.0327148400247097
57820,0.08046582899987698,0.08166192285716534,0.08094905503094196
57920,0.05356763210147619,0.05339232459664345,0.05349681060761213
58020,0.027782008051872253,0.027456801384687424,0.0276506245136261
58110,0.11663803830742836,0.10089021176099777,0.11033891513943672
58210,0.0797853171825409,0.0787639431655407,0.07937676832079887
58310,0.06787357293069363,0.062319270335137844,0.06565185263752937
58410,0.08008568733930588,0.07892642542719841,0.07962198555469513
58500,0.055174403823912144,0.059950062772259116,0.057065559551119804
58600,0.03965229354798794,0.037837252020835876,0.038933536037802696
58700,0.024822048842906952,0.02382512390613556,0.02442726492881775
58800,0.12954574823379517,0.11777496803551912,0.12488451600074768
58890,0.040450348518788815,0.03487197030335665,0.03826362174004316
58990,0.026337203569710255,0.023518097586929798,0.02523211296647787
59090,0.018184473155997694,0.017634130897931755,0.01796873868443072
59190,0.07994076609611511,0.06621040822938085,0.07455845922231674
59280,0.07231610082089901,0.07209031749516726,0.07222849689424038
59380,0.05537456157617271,0.050612459192052484,0.05352686671540141
59480,0.043899078387767076,0.04220527270808816,0.04324188083410263
59580,0.02380093652755022,0.022410336416214705,0.023261383175849915
59670,0.03717002458870411,0.0343004185706377,0.03606809675693512
59770,0.02267918735742569,0.019004625268280506,0.021268154494464397
59870,0.03198898769915104,0.03553057834506035,0.03334895893931389
59970,0.03538783825933933,0.03893850930035114,0.03675129637122154
60060,0.12736600078642368,0.12280837260186672,0.125634104013443
60160,0.046118076890707016,0.04545106925070286,0.045864613726735115
60260,0.041077328845858574,0.03958135889843106,0.040508861653506756
60360,0.03362791473045945,0.034219269175082445,0.033852631226181984
60450,0.07991475239396095,0.07019820064306259,0.07626133039593697
60550,0.018285078229382634,0.011094819055870175,0.01558154122903943
60650,0.049370644614100456,0.05682952329516411,0.05217518284916878
60750,0.0984311681240797,0.1003232579678297,0.09914259240031242
60840,0.04096046043559909,0.04222053848206997,0.04142920905724168
60940,0.06713470444083214,0.06288499757647514,0.0655538160353899
61040,0.09622252732515335,0.09802739694714546,0.09689394570887089
61140,0.03575240261852741,0.03145163133740425,0.03415251616388559
61230,0.1357487216591835,0.1386762410402298,0.1368260532617569
61330,0.040495289489626884,0.03673319052904844,0.03911083750426769
61430,0.1599533073604107,0.16041596978902817,0.1601235680282116
61530,0.013357742922380567,0.014029266778379679,0.013604864245280623
61620,0.045549603179097176,0.04517313279211521,0.04541256744414568
61720,0.12387396022677422,0.1336343251168728,0.12742672860622406
61820,0.007831198396161199,0.008256684755906463,0.007986075361259282
61920,0.1689229980111122,0.16032902896404266,0.16579478979110718
62010,0.01610112702473998,0.015508020296692848,0.015887608285993338
62110,0.06294278474524617,0.0665315156802535,0.06423472799360752
62210,0.021742146462202072,0.024335351772606373,0.02267570048570633
62310,0.04759559966623783,0.04793907515704632,0.04771925322711468
62400,0.02793739503249526,0.02344765909947455,0.026339048519730568
62500,0.0074504457879811525,0.007091678911820054,0.007322724908590317
62600,0.014855421846732497,0.012481169193051755,0.014010187704116106
62700,0.008370958035811782,0.008523383643478155,0.008425221545621753
62790,0.031435622833669186,0.0316581642255187,0.03151395823806524
62890,0.04237810894846916,0.04608735162764788,0.04368376359343529
62990,0.1303403675556183,0.10789242014288902,0.1224386878311634
63090,0.0324479378759861,0.03108456637710333,0.031968032009899616
63180,0.009404510259628296,0.010614232160151005,0.00982549344189465
63280,0.04453900479711592,0.04245954961515963,0.04381535481661558
63380,0.03375411592423916,0.03204329777508974,0.03315875120460987
63480,0.08430060930550098,0.09161500819027424,0.0868460200726986
63570,0.12258561700582504,0.11931394785642624,0.12146017327904701
63670,0.04192214645445347,0.03905921243131161,0.04093729704618454
63770,0.06074903532862663,0.05484428629279137,0.05871780402958393
63870,0.039955430664122105,0.036359027959406376,0.0387182692065835
63960,0.017144340556114912,0.01568584470078349,0.01664845272898674
64060,0.04302156716585159,0.039115987718105316,0.04169367253780365
64160,0.0497042303904891,0.04692492540925741,0.04875926673412323
64260,0.05019915150478482,0.050862764939665794,0.05042478069663048
64350,0.008135577430948615,0.007832033094018698,0.008033586200326681
64450,0.006490855710580945,0.007808508817106485,0.00693358713760972
64550,0.0350056542083621,0.0351671427488327,0.035059913992881775
64650,0.10560737177729607,0.11329952254891396,0.10819192975759506
64740,0.04045716114342213,0.03417178429663181,0.038370415568351746
64840,0.080085888504982,0.0839318111538887,0.08136272802948952
64940,0.019854004960507154,0.020204318687319756,0.019970308057963848
65040,0.1335921622812748,0.11546804755926132,0.12757495045661926
65130,0.030807526200078428,0.03291568974964321,0.031499003758654
65230,0.022589919855818152,0.020898551680147648,0.02203515125438571
65330,0.00930771604180336,0.00794166442938149,0.008859650697559118
65430,0.03880258463323116,0.0386878177523613,0.038764942437410355
65520,0.04731426574289799,0.039240374229848385,0.04469832684844732
65620,0.028361062053591013,0.026480359956622124,0.02775171399116516
65720,0.024151925928890705,0.028888479806482792,0.02568656811490655
65820,0.09949966147542,0.09394480474293232,0.09769989177584648
65910,0.06552810687571764,0.05817689513787627,0.06317571736872196
66010,0.018647741992026567,0.017991809640079737,0.018437843769788742
66110,0.0502197090536356,0.049071911722421646,0.049852415919303894
66210,0.014544109813869,0.014142989180982113,0.014415751211345196
66300,0.017554360907524824,0.018852568231523037,0.01796459499746561
66400,0.0011124963639304042,0.0013844226486980915,0.001198425074107945
66500,0.02536154317203909,0.020849591644946486,0.02393576700706035
66600,0.05857251584529877,0.05872602015733719,0.05862102657556534
66690,0.15337007492780685,0.15280437469482422,0.15319358557462692
66790,0.04906894266605377,0.04386230278760195,0.04744447395205498
66890,0.03646121174097061,0.033928283490240574,0.03567093890160322
66990,0.06676948256790638,0.07262352108955383,0.06859594583511353
67080,0.01993167446926236,0.018370809499174356,0.019450927618891
67180,0.005387477343901992,0.006730360211804509,0.005801084917038679
67280,0.030728898011147976,0.030412256717681885,0.030631370842456818
67380,0.030601847916841507,0.03092208504676819,0.03070047963410616
67470,0.08481063321232796,0.09727223590016365,0.08859895914793015
67570,0.010145442560315132,0.008747696178033948,0.009720527566969395
67670,0.023469881620258093,0.023278319276869297,0.023411646019667387
67770,0.042085989378392696,0.03753065224736929,0.04070116672664881
67860,0.013252962613478303,0.013081138022243977,0.01320141484029591
67960,0.12618626467883587,0.13043387979269028,0.1274605542421341
68060,0.22748543322086334,0.21340592578053474,0.22326158359646797
68160,0.12690776959061623,0.13280468434095383,0.12867684662342072
68250,0.03749854117631912,0.03358844481408596,0.03634115308523178
68350,0.05118254851549864,0.04835330042988062,0.05034508928656578
68450,0.0236503150081262,0.02697902312502265,0.024635611567646265
68550,0.005838524084538221,0.004679315956309438,0.0054953983053565025
68640,0.04880521446466446,0.04826325736939907,0.0486469641327858
68740,0.06928759487345815,0.06484792148694396,0.06799120828509331
68840,0.08649835735559464,0.08196057006716728,0.08517332188785076
68940,0.13033024594187737,0.12058210372924805,0.1274837851524353
69030,0.024813130032271147,0.018504090141505003,0.022996126674115658
69130,0.00810954486951232,0.00807755021378398,0.008100330363959074
69230,0.023141922894865274,0.016778686083853245,0.02130931057035923
69330,0.1260465756058693,0.12265889532864094,0.12507092952728271
69420,0.011531805852428079,0.013045247178524733,0.011961623560637236
69520,0.10531697422266006,0.10198000818490982,0.1043692771345377
69620,0.05135270208120346,0.05409613065421581,0.052131835371255875
69720,0.035635597538203,0.039499036967754364,0.03673281613737345
69810,0.06352914008311927,0.06464042281731963,0.06384030031040311
69910,0.0891896691173315,0.08903286047279835,0.08914576470851898
70010,0.10278835892677307,0.09989332407712936,0.10197775438427925
70110,0.05697525292634964,0.05648125521838665,0.05683693662285805
70200,0.015349088236689568,0.0164134600199759,0.015642854385077953
70300,0.014266124926507473,0.011935790535062551,0.013622952159494162
70400,0.00951398874167353,0.009319199249148369,0.009460226516239345
70500,0.06137793883681297,0.05828306823968887,0.06052375212311745
70590,0.007828367408365011,0.007492530392482877,0.00773701979778707
70690,0.07032328099012375,0.06742517929524183,0.06953499931842089
70790,0.047213314566761255,0.04669529106467962,0.04707241244614124
70890,0.08888226933777332,0.09077113308012486,0.08939604088664055
70980,0.02108690608292818,0.016769360285252333,0.019929803907871246
71080,0.0529811754822731,0.053411631379276514,0.05309653887525201
71180,0.02842464717105031,0.02736109495162964,0.028139615431427956
71280,0.04844635911285877,0.05368445813655853,0.04985016956925392
71370,0.05159796588122845,0.05177108757197857,0.051643671467900276
71470,0.012990862131118774,0.009186781942844391,0.011986585333943367
71570,0.06354165077209473,0.05813154578208923,0.062113385647535324
71670,0.062420629197731614,0.05706399818882346,0.06100647849962115
71760,0.03433576226234436,0.03289793338626623,0.03396192658692598
71860,0.02478887652978301,0.018800924997776747,0.023232010193169117
71960,0.06665645074099302,0.061224172823131084,0.06524405907839537
72060,0.02776331454515457,0.0265365457162261,0.027444355189800262
72150,0.03732181596569717,0.03586696891579777,0.03694937634281814
72250,0.03182333428412676,0.028530349489301443,0.030980330426245928
72350,0.11332925036549568,0.11712104454636574,0.1142999529838562
72450,0.02507376065477729,0.022546791471540928,0.024426857940852642
72540,0.010503620957024395,0.00882113934494555,0.010079636587761343
72640,0.08598313294351101,0.09503165818750858,0.0882633626461029
72740,0.0026590724010020494,0.002987398882396519,0.002741810749284923
72840,0.10200643166899681,0.10283298790454865,0.10221472755074501
72930,0.10637257248163223,0.10465813986957073,0.10594738833606243
73030,0.026006058789789677,0.02551902737468481,0.025885275099426508
73130,0.03596274647861719,0.03675256110727787,0.036158619448542595
73230,0.10496889799833298,0.1070007411763072,0.10547279007732868
73320,0.23918671160936356,0.24084951728582382,0.23959243297576904
73420,0.023563586175441742,0.023923110216856003,0.023651310242712498
73520,0.06214316561818123,0.06941163167357445,0.06391667202115059
73620,0.0776888020336628,0.07742002047598362,0.07762321829795837
73710,0.051917072385549545,0.05612362269312143,0.05292664421722293
73810,0.039962008595466614,0.04188288748264313,0.0404230197891593
73910,0.053486781660467386,0.05312950070947409,0.05340103479102254
74010,0.07756851054728031,0.07749122940003872,0.07754996232688427
74100,0.07116736844182014,0.07679155934602022,0.07249467726796865
74200,0.052828412503004074,0.05005047004669905,0.052172817289829254
74300,0.055223025381565094,0.05157822370529175,0.05436285398900509
74400,0.027037337888032198,0.02675617393106222,0.02697098394855857
74490,0.003350749029777944,0.00400152150541544,0.0035017281770706177
74590,0.021602265536785126,0.016169351991266012,0.020341829396784306
74690,0.054857123643159866,0.058006055653095245,0.05558767542243004
74790,0.08203156292438507,0.0836326815187931,0.08240302093327045
74880,0.09194824192672968,0.08528025774285197,0.09042794583365321
74980,0.04517729952931404,0.04287645220756531,0.04465270787477493
75080,0.029243324417620897,0.02830345230177045,0.029029034078121185
75180,0.0806412436068058,0.08063984289765358,0.08064092695713043
75270,0.16243786364793777,0.14588594436645508,0.15873023867607117
75370,0.047579376958310604,0.044169800356030464,0.04681563191115856
75470,0.08105012867599726,0.07490526977926493,0.07967368140816689
75570,0.026242326013743877,0.02320509683340788,0.025561988353729248
75660,0.012740632519125938,0.011241515167057514,0.012410826748237014
75760,0.0028941381024196744,0.002676833071745932,0.0028463308699429035
75860,0.060035763308405876,0.05703128594905138,0.05937477480620146
75960,0.15536555647850037,0.13202091306447983,0.15022972971200943
76050,0.17395291104912758,0.16441715322434902,0.1718931831419468
76150,0.08953187987208366,0.07749442756175995,0.08693178743124008
76250,0.11042521148920059,0.11143563315272331,0.11064346134662628
76350,0.09559572115540504,0.08709404431283474,0.09375935606658459
76440,0.013448067242279649,0.01049966481514275,0.012823006371036172
76540,0.06989816017448902,0.06667699478566647,0.06921527162194252
76640,0.03396812733262777,0.03897437918931246,0.03502945229411125
76740,0.01957596791908145,0.01724461419507861,0.019081720616668463
76830,0.030638480558991432,0.03057699464261532,0.030625690706074238
76930,0.08088802173733711,0.07336771860718727,0.0793238002806902
77030,0.09050299227237701,0.07992366515100002,0.0883024949580431
77130,0.06679577194154263,0.06659238040447235,0.06675346940755844
77220,0.02076239138841629,0.020422923378646374,0.020693139173090458
77320,0.056293806061148643,0.064034104347229,0.05787282809615135
77420,0.03140965895727277,0.03154180757701397,0.03143661702051759
77520,0.09547930210828781,0.09179747104644775,0.09472820907831192
77610,0.01230526901781559,0.009572700597345829,0.011758755426853895
77710,0.03367521287873387,0.026110947597771883,0.03216235991567373
77810,0.050821203738451004,0.04659805819392204,0.04997657798230648
77910,0.0639831442385912,0.0670427680015564,0.0645950697362423
78000,0.021156716160476208,0.019171729683876038,0.02076765988022089
78100,0.0139118991792202,0.011444495525211096,0.013428288046270609
78200,0.028919327072799206,0.041832010028883815,0.03145021409727633
78300,0.04433841072022915,0.035768946167081594,0.042658796068280935
78390,0.020044952630996704,0.020697654224932194,0.020170272327959538
78490,0.03447888605296612,0.03308827802538872,0.034211890771985054
78590,0.08446312136948109,0.07890571653842926,0.08339610137045383
78690,0.017849345225840807,0.01695161545649171,0.01767698209732771
78780,0.021159885451197624,0.02221636939793825,0.021358503494411707
78880,0.03480237629264593,0.04327387223020196,0.03639501612633467
78980,0.05449690902605653,0.059815867338329554,0.0554968697251752
79080,0.08274501841515303,0.08112757932394743,0.08244094252586365
79170,0.013639760669320822,0.01104322588071227,0.01316199847497046
79270,0.011504522059112787,0.010547517798841,0.011328433407470584
79370,0.0754392072558403,0.07327159121632576,0.07504035998135805
79470,0.10213643684983253,0.10520133003592491,0.10270037315785885
79560,0.05996852274984121,0.0522961369715631,0.05858749430626631
79660,0.02502624923363328,0.027240425813943148,0.025424801744520664
79760,0.03077160380780697,0.03048868663609028,0.030720679089426994
79860,0.03444927744567394,0.03003260027617216,0.033654275350272655
79950,0.07577917352318764,0.07946612313389778,0.07642807811498642
80050,0.05401569465175271,0.053516118321567774,0.05392777035012841
80150,0.010666766436770558,0.009495790465734899,0.010460674529895186
80250,0.030474388040602207,0.026689040299970657,0.02980816678609699
80340,0.0499930449295789,0.050422297324985266,0.05006687715649605
80440,0.049200746696442366,0.04416437936015427,0.04833449516445398
80540,0.07246747519820929,0.06979130115360022,0.07200717553496361
80640,0.07643161155283451,0.07142560929059982,0.07557057961821556
80730,0.04081791965290904,0.046255944995209575,0.04173150844871998
80830,0.045084696263074875,0.04420605767518282,0.044937082566320896
80930,0.0790724940598011,0.07268447428941727,0.0779993087053299
81030,0.06716033536940813,0.06395180057734251,0.06662130355834961
81120,0.09039025567471981,0.10437064617872238,0.09268303960561752
81220,0.08441388607025146,0.07470978796482086,0.08282241597771645
81320,0.008959474042057991,0.008198955096304417,0.00883474899455905
81420,0.13383346982300282,0.13560242392122746,0.13412358053028584
81510,0.0676535815000534,0.07771504111588001,0.06926341541111469
81610,0.1301326211541891,0.1272851750254631,0.12967702373862267
81710,0.05471545830368996,0.05982652120292187,0.05553322657942772
81810,0.04634830076247454,0.04615656356327236,0.04631762159988284
81900,0.012396035948768258,0.011932995403185487,0.012323801405727863
82000,0.03385762544348836,0.0356780884321779,0.03414161689579487
82100,0.010348564479500055,0.008671660907566547,0.010086967376992106
82200,0.037320444360375404,0.03247283212840557,0.036564216017723083
82290,0.02145000360906124,0.019202558789402246,0.02110839169472456
82390,0.01303675095550716,0.013586103450506926,0.013120252871885896
82490,0.015752327162772417,0.015780176152475178,0.015756559558212757
82590,0.060522898100316525,0.056381951086223125,0.059893472120165825
82680,0.05131554719991982,0.049864628817886114,0.05110081285238266
82780,0.011200985638424754,0.01045728544704616,0.011090918094851077
82880,0.05307749263010919,0.04888605186715722,0.05245715985074639
82980,0.01674036495387554,0.01592403231188655,0.0166195472702384
83070,0.04873690102249384,0.04702477250248194,0.04849035479128361
83170,0.032118125818669796,0.031050238758325577,0.03196434956043959
83270,0.05592736881226301,0.06296851020306349,0.0569412955082953
83370,0.22920255362987518,0.22325094789266586,0.22834553569555283
83460,0.009298712015151978,0.009674244560301304,0.00935128703713417
83560,0.054344214498996735,0.05911483243107796,0.05501210130751133
83660,0.07208996452391148,0.06867224350571632,0.07161148451268673
83760,0.017851296346634626,0.018220729660242796,0.01790301688015461
83850,0.02679081354290247,0.02979249507188797,0.027199042961001396
83950,0.11781507357954979,0.11516366899013519,0.11745448783040047
84050,0.1424555778503418,0.14334984496235847,0.14257720485329628
84150,0.020495822187513113,0.015688675921410322,0.01984205050393939
84240,0.03740807808935642,0.031548889353871346,0.0366346649825573
84340,0.013551535899750888,0.013758385204710066,0.013578839250840247
84440,0.10807364154607058,0.10895923525094986,0.10819054115563631
84540,0.056028970051556826,0.05815011542290449,0.056308959145098925
84630,0.049073703587055206,0.060740094631910324,0.05056700110435486
84730,0.052710906602442265,0.05718565871939063,0.05328367464244366
84830,0.1681006122380495,0.15125125646591187,0.16594389081001282
84930,0.056828822940588,0.058688635006546974,0.05706688016653061
85020,0.011575060896575451,0.009745532181113958,0.011348199099302292
85120,0.05270648002624512,0.04999254830181599,0.05236995033919811
85220,0.06667075585573912,0.06604963866993785,0.06659373454749584
85320,0.013112020678818226,0.011246329639106989,0.012880674796178937
85410,0.025259368121623993,0.02156056836247444,0.024815511889755726
85510,0.0344928246922791,0.03482892503961921,0.034533157013356686
85610,0.07890323549509048,0.0767549742013216,0.0786454426124692
85710,0.027788148261606693,0.027819347567856312,0.027791891247034073
85800,0.01080269180238247,0.010756885167211294,0.010797378141433
85900,0.029656668193638325,0.026058132760226727,0.029239237308502197
86000,0.007928177947178483,0.007199912099167705,0.007843699306249619
86100,0.058410811703652143,0.057028737384825945,0.05825049290433526
86190,0.020365499425679445,0.019095828756690025,0.020223295781761408
86290,0.011482576839625835,0.0106288508977741,0.011386959813535213
86390,0.034204966854304075,0.02683618851006031,0.033379665575921535
86490,0.02146765124052763,0.020931601524353027,0.021407614462077618
86580,0.013153705280274153,0.013050127541646361,0.013142519863322377
86680,0.01338024012511596,0.012889095931313932,0.013327196531463414
86780,0.01527036214247346,0.012193650705739856,0.01493807788938284
86880,0.05667207948863506,0.058415905572474,0.05686041433364153
86970,0.08585500530898571,0.08046397008001804,0.0852943416684866
87070,0.05521661788225174,0.05492114834487438,0.055185891687870026
87170,0.0447799377143383,0.04712911136448383,0.04502425342798233
87270,0.010369318188168108,0.009695559041574597,0.010299247689545155
87360,0.05996200256049633,0.054272870533168316,0.05939308740198612
87460,0.01339762844145298,0.015148912789300084,0.013572757132351398
87560,0.014703314518555999,0.014718014281243086,0.014704784145578742
87660,0.21738576143980026,0.22923539578914642,0.21857072412967682
87750,0.021646739915013313,0.024010210298001766,0.02187363337725401
87850,0.038131387322209775,0.03934565791860223,0.03824795573018491
87950,0.019373618066310883,0.019901004154235125,0.01942424662411213
88050,0.024027936160564423,0.023006325587630272,0.02392986137419939
88140,0.02084066066890955,0.01700431201606989,0.020487716421484947
88240,0.04179914016276598,0.04082173388451338,0.04170921957120299
88340,0.13083717599511147,0.1332169733941555,0.13105611503124237
88440,0.07649960182607174,0.07385157980024815,0.07625598087906837
88530,0.08120734617114067,0.0821344330906868,0.08128893002867699
88630,0.07291345484554768,0.07758763618767262,0.07332477904856205
88730,0.08883270807564259,0.09230971150100231,0.08913868851959705
88830,0.026234179735183716,0.02458785055205226,0.026089303195476532
88920,0.04787255637347698,0.05055697541683912,0.04809804540127516
89020,0.039489246904850006,0.03826090507209301,0.039386067539453506
89120,0.12730767577886581,0.12303436547517776,0.12694872170686722
89220,0.009236147627234459,0.008442750899121165,0.009169502416625619
89310,0.04993973020464182,0.05053641041740775,0.04998746793717146
89410,0.030058232718147337,0.033718256396241486,0.030351036111824214
89510,0.034899746999144554,0.025666543282568455,0.03416109085083008
89610,0.039891667664051056,0.041073525324463844,0.039986216463148594
89700,0.014940475579351187,0.01897880993783474,0.015247388742864132
89800,0.026202790439128876,0.024581169709563255,0.026079547591507435
89900,0.020731199416331947,0.024844998493790627,0.021043849643319845
90000,0.00777822220697999,0.008632764220237732,0.007843167753890157
90090,0.006344750989228487,0.004441141150891781,0.006207690807059407
90190,0.029963885433971882,0.0269209248945117,0.029744790866971016
90290,0.012725306209176779,0.011601593345403671,0.012644398957490921
90390,0.022926218807697296,0.017318804748356342,0.022522483952343464
90480,0.10468454286456108,0.10004502348601818,0.10436906106770039
90580,0.05700145824812353,0.0611485643312335,0.05728345806710422
90680,0.0353343952447176,0.03348828013986349,0.03520885668694973
90780,0.14951893500983715,0.14878185745328665,0.14946881122887135
90870,0.019920928869396448,0.013780224602669477,0.01952792378142476
90970,0.042200700379908085,0.04062457848340273,0.04209982790052891
91070,0.058212313801050186,0.059194767847657204,0.058275191113352776
91170,0.1636413410305977,0.1782591324299574,0.16457688622176647
91260,0.04379332438111305,0.03645681496709585,0.04335313383489847
91360,0.020533926784992218,0.01954806176945567,0.020474774297326803
91460,0.07863497128710151,0.0808211030671373,0.07876614609267563
91560,0.019017704762518406,0.016794908558949828,0.018884337041527033
91650,0.06478409469127655,0.05535605736076832,0.06425612419843674
91750,0.03375810221768916,0.03245115000754595,0.03368491353467107
91850,0.06065376615151763,0.07051579421386123,0.061206037644296885
91950,0.05522862356156111,0.05980725400149822,0.05548502504825592
92040,0.08442463353276253,0.0924578607082367,0.08484236523509026
92140,0.02282386366277933,0.01895730197429657,0.02262280322611332
92240,0.015115057467482984,0.011848350870423019,0.014945189119316638
92340,0.019476426765322685,0.021022775676101446,0.019556837622076273
92430,0.09368797019124031,0.11485419236123562,0.09470394998788834
92530,0.027429313398897648,0.0280575193464756,0.027459466829895973
92630,0.0888853371143341,0.0919540524482727,0.08903263881802559
92730,0.06687705218791962,0.07661904580891132,0.06734466925263405
92820,0.009608217980712652,0.009640554431825876,0.009609640343114734
92920,0.05635404330678284,0.04606703855097294,0.05590141098946333
93020,0.10576945915818214,0.11123261228203773,0.1060098372399807
93120,0.04219336621463299,0.04580610617995262,0.04235232435166836
93210,0.011757898842915893,0.008991006761789322,0.011647222796455026
93310,0.043829763773828745,0.05127428937703371,0.0441275448538363
93410,0.04479760967660695,0.03789827902801335,0.04452163330279291
93510,0.04014071077108383,0.0425494946539402,0.04023706167936325
93600,0.0031415049452334642,0.0024276612093672156,0.003115806612186134
93700,0.03782037959899753,0.03960977541282773,0.03788479941431433
93800,0.06278352066874504,0.05379404313862324,0.06245989818125963
93900,0.07468757219612598,0.08939974568784237,0.07521720975637436
93990,0.00823728577233851,0.006951120449230075,0.008196128532290459
94090,0.047892161179333925,0.04713017959147692,0.04786777775734663
94190,0.03726327791810036,0.0366069283336401,0.0372422756627202
94290,0.0409014243632555,0.037973200902342796,0.04080772213637829
94380,0.044919952750205994,0.05120646255090833,0.04509597644209862
94480,0.0214310591109097,0.02010502014309168,0.02139392914250493
94580,0.02761275414377451,0.027038912172429264,0.027596687548793852
94680,0.18264267593622208,0.1821063943207264,0.18262765929102898
94770,0.04958522319793701,0.04305996373295784,0.04942861571907997
94870,0.03356615360826254,0.03145353635773063,0.03351545054465532
94970,0.02795300493016839,0.025582444155588746,0.02789611159823835
95070,0.1701478436589241,0.1713285893201828,0.1701761782169342
95160,0.09019594127312303,0.08496618317440152,0.0900913504883647
95260,0.08645554631948471,0.1073150783777237,0.08687274158000946
95360,0.019635386299341917,0.015041915699839592,0.019543517846614122
95460,0.03789368271827698,0.03555077128112316,0.037846826016902924
95550,0.041071221232414246,0.04341278038918972,0.04110868740826845
95650,0.07435548072680831,0.07997715240344405,0.07444542832672596
95750,0.054580957628786564,0.05099416058510542,0.054523571860045195
95850,0.11681393813341856,0.129270788282156,0.11701324488967657
95940,0.023698401637375355,0.018430928234010935,0.02363519207574427
96040,0.03335357364267111,0.037589242681860924,0.03340440057218075
96140,0.06603013910353184,0.0675143301486969,0.06604794785380363
96240,0.05394986271858215,0.04220476746559143,0.053808920085430145
96330,0.02203845838084817,0.01744288858026266,0.02200169349089265
96430,0.009836634155362844,0.009570301976054907,0.009834503289312124
96530,0.10225866362452507,0.09231721237301826,0.10217912495136261
96630,0.02226349408738315,0.02299582096748054,0.02226935187354684
96720,0.02796852169558406,0.026695920154452324,0.02796343038789928
96820,0.04507935047149658,0.045997762121260166,0.045083025470376015
96920,0.007553116185590625,0.0043182309018447995,0.007540176622569561
97020,0.022932742722332478,0.023251533624716103,0.022934017702937126
97110,0.08824034035205841,0.0847185542806983,0.08824034035205841
97210,0.08896644599735737,0.0952920438721776,0.08896644599735737
97310,0.06024574814364314,0.05489450925961137,0.06024574814364314
97410,0.10435149911791086,0.10929994471371174,0.10435149911791086
